Nombre      Edad  Correo Electrónico           
--------------------------------------------------
Juan         |25    juan@gmail.com                
Ana          |30    ana@hotmail.com               
Pedro        |22    pedro@yahoo.com               
María       |28    maria@gmail.com               
Luis         |34    luis@hotmail.com              
Laura        |27    laura@yahoo.com               
Carlos       |31    carlos@gmail.com              
Sofía       |22    sofia@hotmail.com             
Jorge        |29    jorge@yahoo.com               
Lucía       |35    lucia@gmail.com               
Diego        |26    diego@hotmail.com             
Isabella     |24    isabella@yahoo.com            
Fernando     |33    fernando@gmail.com            
Valentina    |21    valentina@hotmail.com         
Mateo        |32    mateo@yahoo.com               
Camila       |27    camila@gmail.com              
Emilio       |30    emilio@hotmail.com            
Rocío       |28    rocio@yahoo.com               
Pablo        |26    pablo@gmail.com               
Gabriela     |29    gabriela@hotmail.com          
Andrés      |34    andres@yahoo.com              
Natalia      |25    natalia@gmail.com             
Ricardo      |30    ricardo@hotmail.com           
Renata       |23    renata@yahoo.com              
Santiago     |31    santiago@gmail.com            
Valeria      |28    valeria@hotmail.com           
José        |27    jose@yahoo.com                
Pamela       |22    pamela@gmail.com              
Felipe       |33    felipe@hotmail.com            
Diana        |24    diana@yahoo.com               
Julián      |30    julian@gmail.com              
Alba         |29    alba@hotmail.com              
Adrián      |35    adrian@yahoo.com              
fabianaso    |4     abias34P_gre@gmail.com        
Hugo         |32    hugo@hotmail.com              
Mónica      |23    monica@yahoo.com              
Esteban      |31    esteban@gmail.com             
Carla        |28    carla@hotmail.com             
Nicolás     |30    nicolas@yahoo.com             
Sergio       |26    sergio@gmail.com              
Patricia     |29    patricia@hotmail.com          
Roberto      |34    roberto@yahoo.com             
Elena        |22    elena@gmail.com               
Andrés      |28    andres@gmail.com              
Luciana      |24    luciana@hotmail.com           
Javier       |30    javier@yahoo.com              
Marisol      |27    marisol@gmail.com             
Diego        |32    diego@hotmail.com             
Valeria      |29    valeria@yahoo.com             
Fernando     |36    fernando@gmail.com            
Claudia      |25    claudia@hotmail.com           
Sebastián   |31    sebastian@yahoo.com           
Gabriela     |22    gabriela@gmail.com            
Nicolás     |35    nicolas@hotmail.com           
Rocío       |28    rocio@yahoo.com               
Emilio       |26    emilio@gmail.com              
Sofía       |30    sofia@hotmail.com             
Mateo        |24    mateo@yahoo.com               
Isabel       |29    isabel@gmail.com              
Hugo         |31    hugo@hotmail.com              
Patricia     |27    patricia@yahoo.com            
Roberto      |33    roberto@gmail.com             
Diana        |22    diana@hotmail.com             
Alba         |36    alba@yahoo.com                
Claudio      |25    claudio@gmail.com             
Mónica      |30    monica@hotmail.com            
Santiago     |28    santiago@yahoo.com            
Fabián      |34                                  
Laura        |29    laura@hotmail.com             
Cristian     |22    cristian@yahoo.com            
Gina         |30    gina@gmail.com                
Ricardo      |25    ricardo@hotmail.com           
Nadia        |32    nadia@yahoo.com               
Julián      |28                                  
Estefanía   |29    estefania@hotmail.com         
César       |30    cesar@yahoo.com               
Renata       |24    renata@gmail.com              
Alberto      |31    alberto@hotmail.com           
Nora         |27    nora@yahoo.com                
Rafael       |29    rafael@gmail.com              
Silvia       |35    silvia@hotmail.com            
Luis         |26    luis@yahoo.com                
